{"loss": 0.21958477795124054, "_runtime": 131, "_timestamp": 1634928117, "_step": 1, "accuracy": 0.9960317611694336, "_wandb": {"runtime": 153}}